Region,Month of Period End,Measure Names,Measure Values
Texas,July 2020,Average Sale To List YoY ,0.003832112
Texas,June 2020,Average Sale To List YoY ,0.000957494
Texas,May 2020,Average Sale To List YoY ,-0.000901050
Texas,April 2020,Average Sale To List YoY ,0.002361041
Texas,March 2020,Average Sale To List YoY ,0.003241446
Texas,February 2020,Average Sale To List YoY ,0.001497360
Texas,January 2020,Average Sale To List YoY ,0.001935657
Texas,December 2019,Average Sale To List YoY ,0.001213449
Texas,November 2019,Average Sale To List YoY ,0.001358353
Texas,October 2019,Average Sale To List YoY ,0.001185603
Texas,September 2019,Average Sale To List YoY ,0.000185549
Texas,August 2019,Average Sale To List YoY ,0.000192096
Texas,July 2019,Average Sale To List YoY ,-0.001171398
Texas,June 2019,Average Sale To List YoY ,-0.000823455
Texas,May 2019,Average Sale To List YoY ,-0.001224261
Texas,April 2019,Average Sale To List YoY ,-0.001777349
Texas,March 2019,Average Sale To List YoY ,-0.001165372
Texas,February 2019,Average Sale To List YoY ,-0.000901603
Texas,January 2019,Average Sale To List YoY ,-0.000862196
Texas,December 2018,Average Sale To List YoY ,-0.000175713
Texas,November 2018,Average Sale To List YoY ,-0.000281556
Texas,October 2018,Average Sale To List YoY ,-0.000329546
Texas,September 2018,Average Sale To List YoY ,-0.001085767
Texas,August 2018,Average Sale To List YoY ,-0.002663718
Texas,July 2018,Average Sale To List YoY ,-0.001278603
Texas,June 2018,Average Sale To List YoY ,-0.000815435
Texas,May 2018,Average Sale To List YoY ,-0.000946407
Texas,April 2018,Average Sale To List YoY ,-0.001213622
Texas,March 2018,Average Sale To List YoY ,-0.000775050
Texas,February 2018,Average Sale To List YoY ,-0.000749479
Texas,January 2018,Average Sale To List YoY ,-0.000510315
Texas,December 2017,Average Sale To List YoY ,-0.000834685
Texas,November 2017,Average Sale To List YoY ,-0.001223626
Texas,October 2017,Average Sale To List YoY ,-0.001946808
Texas,September 2017,Average Sale To List YoY ,-0.000623037
Texas,August 2017,Average Sale To List YoY ,0.000246482
Texas,July 2017,Average Sale To List YoY ,-0.001268677
Texas,June 2017,Average Sale To List YoY ,-0.001094513
Texas,May 2017,Average Sale To List YoY ,-5.279989796e-05
Texas,April 2017,Average Sale To List YoY ,0.000229498
Texas,March 2017,Average Sale To List YoY ,0.000376133
Texas,February 2017,Average Sale To List YoY ,0.000438989
Texas,January 2017,Average Sale To List YoY ,0.000250041
Texas,December 2016,Average Sale To List YoY ,0.001141415
Texas,November 2016,Average Sale To List YoY ,0.003157139
Texas,October 2016,Average Sale To List YoY ,0.002121085
Texas,September 2016,Average Sale To List YoY ,0.000864492
Texas,August 2016,Average Sale To List YoY ,-0.000942816
Texas,July 2016,Average Sale To List YoY ,0.001132975
Texas,June 2016,Average Sale To List YoY ,-8.008293713e-05
Texas,May 2016,Average Sale To List YoY ,-0.000660288
Texas,April 2016,Average Sale To List YoY ,0.001443916
Texas,March 2016,Average Sale To List YoY ,5.195783374e-05
Texas,February 2016,Average Sale To List YoY ,0.000966812
Texas,January 2016,Average Sale To List YoY ,0.001554211
Texas,December 2015,Average Sale To List YoY ,0.000778288
Texas,November 2015,Average Sale To List YoY ,-0.000200574
Texas,October 2015,Average Sale To List YoY ,0.002308695
Texas,September 2015,Average Sale To List YoY ,0.001357588
Texas,August 2015,Average Sale To List YoY ,0.003341636
Texas,July 2015,Average Sale To List YoY ,0.002328351
Texas,June 2015,Average Sale To List YoY ,0.002822229
Texas,May 2015,Average Sale To List YoY ,0.003531694
Texas,April 2015,Average Sale To List YoY ,0.002283629
Texas,March 2015,Average Sale To List YoY ,0.003263292
Texas,February 2015,Average Sale To List YoY ,0.002554577
Texas,January 2015,Average Sale To List YoY ,0.003136932
Texas,December 2014,Average Sale To List YoY ,0.002691276
Texas,November 2014,Average Sale To List YoY ,0.002413750
Texas,October 2014,Average Sale To List YoY ,0.001302929
Texas,September 2014,Average Sale To List YoY ,0.002099838
Texas,August 2014,Average Sale To List YoY ,0.001877820
Texas,July 2014,Average Sale To List YoY ,0.002064635
Texas,June 2014,Average Sale To List YoY ,0.002967860
Texas,May 2014,Average Sale To List YoY ,0.003686318
Texas,April 2014,Average Sale To List YoY ,0.003220402
Texas,March 2014,Average Sale To List YoY ,0.005134339
Texas,February 2014,Average Sale To List YoY ,0.006660404
Texas,January 2014,Average Sale To List YoY ,0.004033514
Texas,December 2013,Average Sale To List YoY ,0.005508890
Texas,November 2013,Average Sale To List YoY ,0.005889939
Texas,October 2013,Average Sale To List YoY ,0.005889297
Texas,September 2013,Average Sale To List YoY ,0.006203145
Texas,August 2013,Average Sale To List YoY ,0.008095949
Texas,July 2013,Average Sale To List YoY ,0.008254831
Texas,June 2013,Average Sale To List YoY ,0.007309178
Texas,May 2013,Average Sale To List YoY ,0.007217676
Texas,April 2013,Average Sale To List YoY ,0.007571998
Texas,March 2013,Average Sale To List YoY ,0.006248226
Texas,February 2013,Average Sale To List YoY ,0.005764860
Texas,January 2013,Average Sale To List YoY ,0.006800629
Texas,December 2012,Average Sale To List YoY ,0.005521462
Texas,November 2012,Average Sale To List YoY ,0.005381417
Texas,October 2012,Average Sale To List YoY ,0.007526593
Texas,September 2012,Average Sale To List YoY ,0.007377653
Texas,August 2012,Average Sale To List YoY ,0.006172197
Texas,July 2012,Average Sale To List YoY ,0.007715655
Texas,June 2012,Average Sale To List YoY ,0.007963930
Texas,May 2012,Average Sale To List YoY ,0.007362901
Texas,April 2012,Average Sale To List YoY ,0.006027868
Texas,March 2012,Average Sale To List YoY ,0.004821189
Texas,February 2012,Average Sale To List YoY ,0.002563226
Texas,July 2020,Average Sale To List MoM ,0.001942222
Texas,June 2020,Average Sale To List MoM ,0.001950232
Texas,May 2020,Average Sale To List MoM ,-0.001414994
Texas,April 2020,Average Sale To List MoM ,0.001214733
Texas,March 2020,Average Sale To List MoM ,0.003808767
Texas,February 2020,Average Sale To List MoM ,0.001774056
Texas,January 2020,Average Sale To List MoM ,-0.000589128
Texas,December 2019,Average Sale To List MoM ,-0.001319303
Texas,November 2019,Average Sale To List MoM ,-2.812175377e-05
Texas,October 2019,Average Sale To List MoM ,-0.000455058
Texas,September 2019,Average Sale To List MoM ,-0.001370123
Texas,August 2019,Average Sale To List MoM ,-0.001689770
Texas,July 2019,Average Sale To List MoM ,-0.000952771
Texas,June 2019,Average Sale To List MoM ,8.895097106e-05
Texas,May 2019,Average Sale To List MoM ,0.001843803
Texas,April 2019,Average Sale To List MoM ,0.002080799
Texas,March 2019,Average Sale To List MoM ,0.002068037
Texas,February 2019,Average Sale To List MoM ,0.002208418
Texas,January 2019,Average Sale To List MoM ,-0.001270716
Texas,December 2018,Average Sale To List MoM ,-0.001201677
Texas,November 2018,Average Sale To List MoM ,-0.000170106
Texas,October 2018,Average Sale To List MoM ,-0.001473765
Texas,September 2018,Average Sale To List MoM ,-0.001355087
Texas,August 2018,Average Sale To List MoM ,-0.003039364
Texas,July 2018,Average Sale To List MoM ,-0.000624494
Texas,June 2018,Average Sale To List MoM ,-0.000325319
Texas,May 2018,Average Sale To List MoM ,0.001335103
Texas,April 2018,Average Sale To List MoM ,0.002702358
Texas,March 2018,Average Sale To List MoM ,0.002280456
Texas,February 2018,Average Sale To List MoM ,0.002259115
Texas,January 2018,Average Sale To List MoM ,-0.000573624
Texas,December 2017,Average Sale To List MoM ,-0.001347322
Texas,November 2017,Average Sale To List MoM ,-0.000213694
Texas,October 2017,Average Sale To List MoM ,-0.002249069
Texas,September 2017,Average Sale To List MoM ,-0.002916578
Texas,August 2017,Average Sale To List MoM ,-0.001626837
Texas,July 2017,Average Sale To List MoM ,-0.000150538
Texas,June 2017,Average Sale To List MoM ,-0.000455615
Texas,May 2017,Average Sale To List MoM ,0.001082442
Texas,April 2017,Average Sale To List MoM ,0.003115129
Texas,March 2017,Average Sale To List MoM ,0.002350521
Texas,February 2017,Average Sale To List MoM ,0.002504175
Texas,January 2017,Average Sale To List MoM ,-0.000853615
Texas,December 2016,Average Sale To List MoM ,-0.001747638
Texas,November 2016,Average Sale To List MoM ,-0.000951240
Texas,October 2016,Average Sale To List MoM ,-0.000945746
Texas,September 2016,Average Sale To List MoM ,-0.002062561
Texas,August 2016,Average Sale To List MoM ,-0.003180295
Texas,July 2016,Average Sale To List MoM ,-1.727321094e-05
Texas,June 2016,Average Sale To List MoM ,0.000629527
Texas,May 2016,Average Sale To List MoM ,0.001300403
Texas,April 2016,Average Sale To List MoM ,0.003314054
Texas,March 2016,Average Sale To List MoM ,0.002479369
Texas,February 2016,Average Sale To List MoM ,0.002164195
Texas,January 2016,Average Sale To List MoM ,7.959151130e-05
Texas,December 2015,Average Sale To List MoM ,0.000266799
Texas,November 2015,Average Sale To List MoM ,-0.001981586
Texas,October 2015,Average Sale To List MoM ,-0.002174743
Texas,September 2015,Average Sale To List MoM ,-0.003786253
Texas,August 2015,Average Sale To List MoM ,-0.001086110
Texas,July 2015,Average Sale To List MoM ,-0.001237532
Texas,June 2015,Average Sale To List MoM ,7.513873647e-05
Texas,May 2015,Average Sale To List MoM ,0.003397388
Texas,April 2015,Average Sale To List MoM ,0.001885541
Texas,March 2015,Average Sale To List MoM ,0.003424438
Texas,February 2015,Average Sale To List MoM ,0.002727330
Texas,January 2015,Average Sale To List MoM ,-0.000643074
Texas,December 2014,Average Sale To List MoM ,-0.000744555
Texas,November 2014,Average Sale To List MoM ,0.000509372
Texas,October 2014,Average Sale To List MoM ,-0.003114020
Texas,September 2014,Average Sale To List MoM ,-0.001794578
Texas,August 2014,Average Sale To List MoM ,-0.002101145
Texas,July 2014,Average Sale To List MoM ,-0.000756049
Texas,June 2014,Average Sale To List MoM ,0.000790007
Texas,May 2014,Average Sale To List MoM ,0.002147756
Texas,April 2014,Average Sale To List MoM ,0.002909514
Texas,March 2014,Average Sale To List MoM ,0.002710779
Texas,February 2014,Average Sale To List MoM ,0.003277586
Texas,January 2014,Average Sale To List MoM ,-0.001028978
Texas,December 2013,Average Sale To List MoM ,-0.001041667
Texas,November 2013,Average Sale To List MoM ,-0.000581949
Texas,October 2013,Average Sale To List MoM ,-0.002295184
Texas,September 2013,Average Sale To List MoM ,-0.002057871
Texas,August 2013,Average Sale To List MoM ,-0.001921670
Texas,July 2013,Average Sale To List MoM ,0.000141881
Texas,June 2013,Average Sale To List MoM ,0.001479561
Texas,May 2013,Average Sale To List MoM ,0.001651020
Texas,April 2013,Average Sale To List MoM ,0.004860648
Texas,March 2013,Average Sale To List MoM ,0.004164725
Texas,February 2013,Average Sale To List MoM ,0.000622282
Texas,January 2013,Average Sale To List MoM ,0.000475766
Texas,December 2012,Average Sale To List MoM ,-0.000679437
Texas,November 2012,Average Sale To List MoM ,-0.000606266
Texas,October 2012,Average Sale To List MoM ,-0.001972826
Texas,September 2012,Average Sale To List MoM ,-0.000160618
Texas,August 2012,Average Sale To List MoM ,-0.001730923
Texas,July 2012,Average Sale To List MoM ,-0.000770083
Texas,June 2012,Average Sale To List MoM ,0.001392517
Texas,May 2012,Average Sale To List MoM ,0.001995139
Texas,April 2012,Average Sale To List MoM ,0.003504931
Texas,March 2012,Average Sale To List MoM ,0.003695513
Texas,February 2012,Average Sale To List MoM ,0.001580065
Texas,July 2020,Average Sale To List,0.984626526
Texas,June 2020,Average Sale To List,0.982706289
Texas,May 2020,Average Sale To List,0.980752945
Texas,April 2020,Average Sale To List,0.982166681
Texas,March 2020,Average Sale To List,0.980958663
Texas,February 2020,Average Sale To List,0.977122205
Texas,January 2020,Average Sale To List,0.975364776
Texas,December 2019,Average Sale To List,0.975966162
Texas,November 2019,Average Sale To List,0.977260623
Texas,October 2019,Average Sale To List,0.977286000
Texas,September 2019,Average Sale To List,0.977742385
Texas,August 2019,Average Sale To List,0.979116040
Texas,July 2019,Average Sale To List,0.980794626
Texas,June 2019,Average Sale To List,0.981746694
Texas,May 2019,Average Sale To List,0.981649444
Texas,April 2019,Average Sale To List,0.979792310
Texas,March 2019,Average Sale To List,0.977708724
Texas,February 2019,Average Sale To List,0.975638079
Texas,January 2019,Average Sale To List,0.973445534
Texas,December 2018,Average Sale To List,0.974715643
Texas,November 2018,Average Sale To List,0.975932149
Texas,October 2018,Average Sale To List,0.976098483
Texas,September 2018,Average Sale To List,0.977588287
Texas,August 2018,Average Sale To List,0.978919898
Texas,July 2018,Average Sale To List,0.981974255
Texas,June 2018,Average Sale To List,0.982580064
Texas,May 2018,Average Sale To List,0.982904925
Texas,April 2018,Average Sale To List,0.981551551
Texas,March 2018,Average Sale To List,0.978863873
Texas,February 2018,Average Sale To List,0.976574366
Texas,January 2018,Average Sale To List,0.974310043
Texas,December 2017,Average Sale To List,0.974873796
Texas,November 2017,Average Sale To List,0.976223289
Texas,October 2017,Average Sale To List,0.976439234
Texas,September 2017,Average Sale To List,0.978692183
Texas,August 2017,Average Sale To List,0.981622255
Texas,July 2017,Average Sale To List,0.983252579
Texas,June 2017,Average Sale To List,0.983406034
Texas,May 2017,Average Sale To List,0.983861509
Texas,April 2017,Average Sale To List,0.982772811
Texas,March 2017,Average Sale To List,0.979647648
Texas,February 2017,Average Sale To List,0.977319861
Texas,January 2017,Average Sale To List,0.974874210
Texas,December 2016,Average Sale To List,0.975693377
Texas,November 2016,Average Sale To List,0.977436730
Texas,October 2016,Average Sale To List,0.978384028
Texas,September 2016,Average Sale To List,0.979307868
Texas,August 2016,Average Sale To List,0.981547484
Texas,July 2016,Average Sale To List,0.984721250
Texas,June 2016,Average Sale To List,0.984754001
Texas,May 2016,Average Sale To List,0.984111384
Texas,April 2016,Average Sale To List,0.982815112
Texas,March 2016,Average Sale To List,0.979522246
Texas,February 2016,Average Sale To List,0.977054821
Texas,January 2016,Average Sale To List,0.974914527
Texas,December 2015,Average Sale To List,0.974809891
Texas,November 2015,Average Sale To List,0.974553854
Texas,October 2015,Average Sale To List,0.976524178
Texas,September 2015,Average Sale To List,0.978713632
Texas,August 2015,Average Sale To List,0.982506469
Texas,July 2015,Average Sale To List,0.983600889
Texas,June 2015,Average Sale To List,0.984847546
Texas,May 2015,Average Sale To List,0.984775239
Texas,April 2015,Average Sale To List,0.981384161
Texas,March 2015,Average Sale To List,0.979502396
Texas,February 2015,Average Sale To List,0.976077588
Texas,January 2015,Average Sale To List,0.973366749
Texas,December 2014,Average Sale To List,0.973992997
Texas,November 2014,Average Sale To List,0.974737811
Texas,October 2014,Average Sale To List,0.974219232
Texas,September 2014,Average Sale To List,0.977372883
Texas,August 2014,Average Sale To List,0.979155371
Texas,July 2014,Average Sale To List,0.981259605
Texas,June 2014,Average Sale To List,0.982027739
Texas,May 2014,Average Sale To List,0.981246217
Texas,April 2014,Average Sale To List,0.979127455
Texas,March 2014,Average Sale To List,0.976240472
Texas,February 2014,Average Sale To List,0.973546879
Texas,January 2014,Average Sale To List,0.970316259
Texas,December 2013,Average Sale To List,0.971299297
Texas,November 2013,Average Sale To List,0.972349604
Texas,October 2013,Average Sale To List,0.972930560
Texas,September 2013,Average Sale To List,0.975222002
Texas,August 2013,Average Sale To List,0.977280435
Texas,July 2013,Average Sale To List,0.979208496
Texas,June 2013,Average Sale To List,0.979033559
Texas,May 2013,Average Sale To List,0.977555120
Texas,April 2013,Average Sale To List,0.975936259
Texas,March 2013,Average Sale To List,0.971084035
Texas,February 2013,Average Sale To List,0.966910141
Texas,January 2013,Average Sale To List,0.966342722
Texas,December 2012,Average Sale To List,0.965805365
Texas,November 2012,Average Sale To List,0.966476324
Texas,October 2012,Average Sale To List,0.967071721
Texas,September 2012,Average Sale To List,0.969051311
Texas,August 2012,Average Sale To List,0.969236707
Texas,July 2012,Average Sale To List,0.970964578
Texas,June 2012,Average Sale To List,0.971740907
Texas,May 2012,Average Sale To List,0.970351564
Texas,April 2012,Average Sale To List,0.968353457
Texas,March 2012,Average Sale To List,0.964838335
Texas,February 2012,Average Sale To List,0.961150439
Texas,July 2020,Days on Market YoY,-1
Texas,June 2020,Days on Market YoY,5
Texas,May 2020,Days on Market YoY,5
Texas,April 2020,Days on Market YoY,-3
Texas,March 2020,Days on Market YoY,-4
Texas,February 2020,Days on Market YoY,0
Texas,January 2020,Days on Market YoY,1
Texas,December 2019,Days on Market YoY,-1
Texas,November 2019,Days on Market YoY,-1
Texas,October 2019,Days on Market YoY,1
Texas,September 2019,Days on Market YoY,2
Texas,August 2019,Days on Market YoY,2
Texas,July 2019,Days on Market YoY,2
Texas,June 2019,Days on Market YoY,3
Texas,May 2019,Days on Market YoY,4
Texas,April 2019,Days on Market YoY,6
Texas,March 2019,Days on Market YoY,5
Texas,February 2019,Days on Market YoY,5
Texas,January 2019,Days on Market YoY,4
Texas,December 2018,Days on Market YoY,5
Texas,November 2018,Days on Market YoY,1
Texas,October 2018,Days on Market YoY,1
Texas,September 2018,Days on Market YoY,1
Texas,August 2018,Days on Market YoY,2
Texas,July 2018,Days on Market YoY,1
Texas,June 2018,Days on Market YoY,-1
Texas,May 2018,Days on Market YoY,-1
Texas,April 2018,Days on Market YoY,0
Texas,March 2018,Days on Market YoY,3
Texas,February 2018,Days on Market YoY,2
Texas,January 2018,Days on Market YoY,2
Texas,December 2017,Days on Market YoY,3
Texas,November 2017,Days on Market YoY,6
Texas,October 2017,Days on Market YoY,4
Texas,September 2017,Days on Market YoY,3
Texas,August 2017,Days on Market YoY,0
Texas,July 2017,Days on Market YoY,0
Texas,June 2017,Days on Market YoY,0
Texas,May 2017,Days on Market YoY,0
Texas,April 2017,Days on Market YoY,0
Texas,March 2017,Days on Market YoY,0
Texas,February 2017,Days on Market YoY,0
Texas,January 2017,Days on Market YoY,1
Texas,December 2016,Days on Market YoY,1
Texas,November 2016,Days on Market YoY,1
Texas,October 2016,Days on Market YoY,1
Texas,September 2016,Days on Market YoY,2
Texas,August 2016,Days on Market YoY,2
Texas,July 2016,Days on Market YoY,1
Texas,June 2016,Days on Market YoY,3
Texas,May 2016,Days on Market YoY,2
Texas,April 2016,Days on Market YoY,0
Texas,March 2016,Days on Market YoY,2
Texas,February 2016,Days on Market YoY,4
Texas,January 2016,Days on Market YoY,-1
Texas,December 2015,Days on Market YoY,1
Texas,November 2015,Days on Market YoY,-2
Texas,October 2015,Days on Market YoY,-1
Texas,September 2015,Days on Market YoY,-2
Texas,August 2015,Days on Market YoY,0
Texas,July 2015,Days on Market YoY,2
Texas,June 2015,Days on Market YoY,-1
Texas,May 2015,Days on Market YoY,-3
Texas,April 2015,Days on Market YoY,-2
Texas,March 2015,Days on Market YoY,-4
Texas,February 2015,Days on Market YoY,-6
Texas,January 2015,Days on Market YoY,-5
Texas,December 2014,Days on Market YoY,-3
Texas,November 2014,Days on Market YoY,-4
Texas,October 2014,Days on Market YoY,-3
Texas,September 2014,Days on Market YoY,-4
Texas,August 2014,Days on Market YoY,-6
Texas,July 2014,Days on Market YoY,-8
Texas,June 2014,Days on Market YoY,-6
Texas,May 2014,Days on Market YoY,-5
Texas,April 2014,Days on Market YoY,-7
Texas,March 2014,Days on Market YoY,-9
Texas,February 2014,Days on Market YoY,-14
Texas,January 2014,Days on Market YoY,-10
Texas,December 2013,Days on Market YoY,-16
Texas,November 2013,Days on Market YoY,-13
Texas,October 2013,Days on Market YoY,-16
Texas,September 2013,Days on Market YoY,-15
Texas,August 2013,Days on Market YoY,-16
Texas,July 2013,Days on Market YoY,-17
Texas,June 2013,Days on Market YoY,-15
Texas,May 2013,Days on Market YoY,-16
Texas,April 2013,Days on Market YoY,-18
Texas,March 2013,Days on Market YoY,-26
Texas,February 2013,Days on Market YoY,-21
Texas,January 2013,Days on Market YoY,-19
Texas,December 2012,Days on Market YoY,-20
Texas,November 2012,Days on Market YoY,-22
Texas,October 2012,Days on Market YoY,-21
Texas,September 2012,Days on Market YoY,-20
Texas,August 2012,Days on Market YoY,-22
Texas,July 2012,Days on Market YoY,-19
Texas,June 2012,Days on Market YoY,-19
Texas,May 2012,Days on Market YoY,-19
Texas,April 2012,Days on Market YoY,-17
Texas,March 2012,Days on Market YoY,-17
Texas,February 2012,Days on Market YoY,-11
Texas,July 2020,Days on Market MoM,-4
Texas,June 2020,Days on Market MoM,-1
Texas,May 2020,Days on Market MoM,4
Texas,April 2020,Days on Market MoM,-8
Texas,March 2020,Days on Market MoM,-14
Texas,February 2020,Days on Market MoM,-1
Texas,January 2020,Days on Market MoM,4
Texas,December 2019,Days on Market MoM,5
Texas,November 2019,Days on Market MoM,1
Texas,October 2019,Days on Market MoM,5
Texas,September 2019,Days on Market MoM,4
Texas,August 2019,Days on Market MoM,4
Texas,July 2019,Days on Market MoM,2
Texas,June 2019,Days on Market MoM,-1
Texas,May 2019,Days on Market MoM,-4
Texas,April 2019,Days on Market MoM,-9
Texas,March 2019,Days on Market MoM,-10
Texas,February 2019,Days on Market MoM,0
Texas,January 2019,Days on Market MoM,2
Texas,December 2018,Days on Market MoM,5
Texas,November 2018,Days on Market MoM,3
Texas,October 2018,Days on Market MoM,6
Texas,September 2018,Days on Market MoM,4
Texas,August 2018,Days on Market MoM,4
Texas,July 2018,Days on Market MoM,3
Texas,June 2018,Days on Market MoM,0
Texas,May 2018,Days on Market MoM,-2
Texas,April 2018,Days on Market MoM,-10
Texas,March 2018,Days on Market MoM,-10
Texas,February 2018,Days on Market MoM,-1
Texas,January 2018,Days on Market MoM,3
Texas,December 2017,Days on Market MoM,1
Texas,November 2017,Days on Market MoM,3
Texas,October 2017,Days on Market MoM,6
Texas,September 2017,Days on Market MoM,6
Texas,August 2017,Days on Market MoM,2
Texas,July 2017,Days on Market MoM,1
Texas,June 2017,Days on Market MoM,0
Texas,May 2017,Days on Market MoM,-1
Texas,April 2017,Days on Market MoM,-7
Texas,March 2017,Days on Market MoM,-11
Texas,February 2017,Days on Market MoM,-1
Texas,January 2017,Days on Market MoM,4
Texas,December 2016,Days on Market MoM,4
Texas,November 2016,Days on Market MoM,1
Texas,October 2016,Days on Market MoM,5
Texas,September 2016,Days on Market MoM,3
Texas,August 2016,Days on Market MoM,3
Texas,July 2016,Days on Market MoM,0
Texas,June 2016,Days on Market MoM,0
Texas,May 2016,Days on Market MoM,-1
Texas,April 2016,Days on Market MoM,-7
Texas,March 2016,Days on Market MoM,-11
Texas,February 2016,Days on Market MoM,0
Texas,January 2016,Days on Market MoM,4
Texas,December 2015,Days on Market MoM,4
Texas,November 2015,Days on Market MoM,1
Texas,October 2015,Days on Market MoM,6
Texas,September 2015,Days on Market MoM,3
Texas,August 2015,Days on Market MoM,2
Texas,July 2015,Days on Market MoM,2
Texas,June 2015,Days on Market MoM,-1
Texas,May 2015,Days on Market MoM,-3
Texas,April 2015,Days on Market MoM,-5
Texas,March 2015,Days on Market MoM,-9
Texas,February 2015,Days on Market MoM,-5
Texas,January 2015,Days on Market MoM,6
Texas,December 2014,Days on Market MoM,0
Texas,November 2014,Days on Market MoM,3
Texas,October 2014,Days on Market MoM,5
Texas,September 2014,Days on Market MoM,5
Texas,August 2014,Days on Market MoM,4
Texas,July 2014,Days on Market MoM,-1
Texas,June 2014,Days on Market MoM,-3
Texas,May 2014,Days on Market MoM,-2
Texas,April 2014,Days on Market MoM,-7
Texas,March 2014,Days on Market MoM,-11
Texas,February 2014,Days on Market MoM,-4
Texas,January 2014,Days on Market MoM,8
Texas,December 2013,Days on Market MoM,-1
Texas,November 2013,Days on Market MoM,4
Texas,October 2013,Days on Market MoM,4
Texas,September 2013,Days on Market MoM,4
Texas,August 2013,Days on Market MoM,2
Texas,July 2013,Days on Market MoM,1
Texas,June 2013,Days on Market MoM,-2
Texas,May 2013,Days on Market MoM,-4
Texas,April 2013,Days on Market MoM,-9
Texas,March 2013,Days on Market MoM,-16
Texas,February 2013,Days on Market MoM,0
Texas,January 2013,Days on Market MoM,2
Texas,December 2012,Days on Market MoM,3
Texas,November 2012,Days on Market MoM,1
Texas,October 2012,Days on Market MoM,3
Texas,September 2012,Days on Market MoM,3
Texas,August 2012,Days on Market MoM,1
Texas,July 2012,Days on Market MoM,3
Texas,June 2012,Days on Market MoM,-3
Texas,May 2012,Days on Market MoM,-6
Texas,April 2012,Days on Market MoM,-17
Texas,March 2012,Days on Market MoM,-11
Texas,February 2012,Days on Market MoM,2
Texas,July 2020,Days on Market,35
Texas,June 2020,Days on Market,39
Texas,May 2020,Days on Market,40
Texas,April 2020,Days on Market,36
Texas,March 2020,Days on Market,44
Texas,February 2020,Days on Market,58
Texas,January 2020,Days on Market,59
Texas,December 2019,Days on Market,55
Texas,November 2019,Days on Market,50
Texas,October 2019,Days on Market,49
Texas,September 2019,Days on Market,44
Texas,August 2019,Days on Market,40
Texas,July 2019,Days on Market,36
Texas,June 2019,Days on Market,34
Texas,May 2019,Days on Market,35
Texas,April 2019,Days on Market,39
Texas,March 2019,Days on Market,48
Texas,February 2019,Days on Market,58
Texas,January 2019,Days on Market,58
Texas,December 2018,Days on Market,56
Texas,November 2018,Days on Market,51
Texas,October 2018,Days on Market,48
Texas,September 2018,Days on Market,42
Texas,August 2018,Days on Market,38
Texas,July 2018,Days on Market,34
Texas,June 2018,Days on Market,31
Texas,May 2018,Days on Market,31
Texas,April 2018,Days on Market,33
Texas,March 2018,Days on Market,43
Texas,February 2018,Days on Market,53
Texas,January 2018,Days on Market,54
Texas,December 2017,Days on Market,51
Texas,November 2017,Days on Market,50
Texas,October 2017,Days on Market,47
Texas,September 2017,Days on Market,41
Texas,August 2017,Days on Market,35
Texas,July 2017,Days on Market,33
Texas,June 2017,Days on Market,32
Texas,May 2017,Days on Market,32
Texas,April 2017,Days on Market,33
Texas,March 2017,Days on Market,40
Texas,February 2017,Days on Market,51
Texas,January 2017,Days on Market,52
Texas,December 2016,Days on Market,48
Texas,November 2016,Days on Market,44
Texas,October 2016,Days on Market,43
Texas,September 2016,Days on Market,38
Texas,August 2016,Days on Market,35
Texas,July 2016,Days on Market,32
Texas,June 2016,Days on Market,32
Texas,May 2016,Days on Market,32
Texas,April 2016,Days on Market,33
Texas,March 2016,Days on Market,40
Texas,February 2016,Days on Market,51
Texas,January 2016,Days on Market,51
Texas,December 2015,Days on Market,47
Texas,November 2015,Days on Market,43
Texas,October 2015,Days on Market,42
Texas,September 2015,Days on Market,36
Texas,August 2015,Days on Market,33
Texas,July 2015,Days on Market,31
Texas,June 2015,Days on Market,29
Texas,May 2015,Days on Market,30
Texas,April 2015,Days on Market,33
Texas,March 2015,Days on Market,38
Texas,February 2015,Days on Market,47
Texas,January 2015,Days on Market,52
Texas,December 2014,Days on Market,46
Texas,November 2014,Days on Market,46
Texas,October 2014,Days on Market,43
Texas,September 2014,Days on Market,38
Texas,August 2014,Days on Market,33
Texas,July 2014,Days on Market,29
Texas,June 2014,Days on Market,30
Texas,May 2014,Days on Market,33
Texas,April 2014,Days on Market,35
Texas,March 2014,Days on Market,42
Texas,February 2014,Days on Market,53
Texas,January 2014,Days on Market,57
Texas,December 2013,Days on Market,49
Texas,November 2013,Days on Market,50
Texas,October 2013,Days on Market,46
Texas,September 2013,Days on Market,43
Texas,August 2013,Days on Market,39
Texas,July 2013,Days on Market,37
Texas,June 2013,Days on Market,36
Texas,May 2013,Days on Market,38
Texas,April 2013,Days on Market,42
Texas,March 2013,Days on Market,51
Texas,February 2013,Days on Market,67
Texas,January 2013,Days on Market,67
Texas,December 2012,Days on Market,65
Texas,November 2012,Days on Market,62
Texas,October 2012,Days on Market,61
Texas,September 2012,Days on Market,58
Texas,August 2012,Days on Market,55
Texas,July 2012,Days on Market,54
Texas,June 2012,Days on Market,51
Texas,May 2012,Days on Market,54
Texas,April 2012,Days on Market,60
Texas,March 2012,Days on Market,77
Texas,February 2012,Days on Market,88
Texas,July 2020, Inventory YoY ,-0.351992347
Texas,June 2020, Inventory YoY ,-0.275233974
Texas,May 2020, Inventory YoY ,-0.167454821
Texas,April 2020, Inventory YoY ,-0.088580420
Texas,March 2020, Inventory YoY ,-0.055828709
Texas,February 2020, Inventory YoY ,-0.035390284
Texas,January 2020, Inventory YoY ,-0.037018071
Texas,December 2019, Inventory YoY ,-0.026408548
Texas,November 2019, Inventory YoY ,-0.008716193
Texas,October 2019, Inventory YoY ,0.013694628
Texas,September 2019, Inventory YoY ,0.017741609
Texas,August 2019, Inventory YoY ,0.030572710
Texas,July 2019, Inventory YoY ,0.051924589
Texas,June 2019, Inventory YoY ,0.068480054
Texas,May 2019, Inventory YoY ,0.097110530
Texas,April 2019, Inventory YoY ,0.112929735
Texas,March 2019, Inventory YoY ,0.139755532
Texas,February 2019, Inventory YoY ,0.165779855
Texas,January 2019, Inventory YoY ,0.164063359
Texas,December 2018, Inventory YoY ,0.133971442
Texas,November 2018, Inventory YoY ,0.107450377
Texas,October 2018, Inventory YoY ,0.085433378
Texas,September 2018, Inventory YoY ,0.067545577
Texas,August 2018, Inventory YoY ,0.033882895
Texas,July 2018, Inventory YoY ,0.017276168
Texas,June 2018, Inventory YoY ,0.024001663
Texas,May 2018, Inventory YoY ,0.026241079
Texas,April 2018, Inventory YoY ,0.003624620
Texas,March 2018, Inventory YoY ,-0.006159576
Texas,February 2018, Inventory YoY ,-0.000524570
Texas,January 2018, Inventory YoY ,0.014373717
Texas,December 2017, Inventory YoY ,0.027848793
Texas,November 2017, Inventory YoY ,0.047938273
Texas,October 2017, Inventory YoY ,0.047054752
Texas,September 2017, Inventory YoY ,0.056288762
Texas,August 2017, Inventory YoY ,0.089643859
Texas,July 2017, Inventory YoY ,0.085112451
Texas,June 2017, Inventory YoY ,0.091201157
Texas,May 2017, Inventory YoY ,0.074144034
Texas,April 2017, Inventory YoY ,0.047187995
Texas,March 2017, Inventory YoY ,0.030973712
Texas,February 2017, Inventory YoY ,0.003316595
Texas,January 2017, Inventory YoY ,-0.004710099
Texas,December 2016, Inventory YoY ,0.014077385
Texas,November 2016, Inventory YoY ,0.017625149
Texas,October 2016, Inventory YoY ,0.019403531
Texas,September 2016, Inventory YoY ,0.028681454
Texas,August 2016, Inventory YoY ,0.036201381
Texas,July 2016, Inventory YoY ,0.049106521
Texas,June 2016, Inventory YoY ,0.080736859
Texas,May 2016, Inventory YoY ,0.077491404
Texas,April 2016, Inventory YoY ,0.105234973
Texas,March 2016, Inventory YoY ,0.134298552
Texas,February 2016, Inventory YoY ,0.101563464
Texas,January 2016, Inventory YoY ,0.096597519
Texas,December 2015, Inventory YoY ,0.093643764
Texas,November 2015, Inventory YoY ,0.088707515
Texas,October 2015, Inventory YoY ,0.091656781
Texas,September 2015, Inventory YoY ,0.077362187
Texas,August 2015, Inventory YoY ,0.039268047
Texas,July 2015, Inventory YoY ,0.041558630
Texas,June 2015, Inventory YoY ,0.035917954
Texas,May 2015, Inventory YoY ,0.031582825
Texas,April 2015, Inventory YoY ,0.018367583
Texas,March 2015, Inventory YoY ,-0.018720062
Texas,February 2015, Inventory YoY ,-0.022425306
Texas,January 2015, Inventory YoY ,-0.024362982
Texas,December 2014, Inventory YoY ,-0.033386667
Texas,November 2014, Inventory YoY ,-0.040770084
Texas,October 2014, Inventory YoY ,-0.045230002
Texas,September 2014, Inventory YoY ,-0.039325677
Texas,August 2014, Inventory YoY ,-0.022102364
Texas,July 2014, Inventory YoY ,-0.024941389
Texas,June 2014, Inventory YoY ,-0.063893955
Texas,May 2014, Inventory YoY ,-0.081907144
Texas,April 2014, Inventory YoY ,-0.092655927
Texas,March 2014, Inventory YoY ,-0.095872170
Texas,February 2014, Inventory YoY ,-0.092003439
Texas,January 2014, Inventory YoY ,-0.090883041
Texas,December 2013, Inventory YoY ,-0.103536803
Texas,November 2013, Inventory YoY ,-0.093881949
Texas,October 2013, Inventory YoY ,-0.084955752
Texas,September 2013, Inventory YoY ,-0.106830031
Texas,August 2013, Inventory YoY ,-0.116583737
Texas,July 2013, Inventory YoY ,-0.139621999
Texas,June 2013, Inventory YoY ,-0.165542766
Texas,May 2013, Inventory YoY ,-0.176991579
Texas,April 2013, Inventory YoY ,-0.184279155
Texas,March 2013, Inventory YoY ,-0.182368994
Texas,February 2013, Inventory YoY ,-0.174227244
Texas,January 2013, Inventory YoY ,-0.173133935
Texas,December 2012, Inventory YoY ,-0.172822382
Texas,November 2012, Inventory YoY ,-0.170653869
Texas,October 2012, Inventory YoY ,-0.164209309
Texas,September 2012, Inventory YoY ,-0.151296042
Texas,August 2012, Inventory YoY ,-0.149926501
Texas,July 2012, Inventory YoY ,-0.161160865
Texas,June 2012, Inventory YoY ,-0.169224636
Texas,May 2012, Inventory YoY ,-0.179972963
Texas,April 2012, Inventory YoY ,-0.190311728
Texas,March 2012, Inventory YoY ,-0.187243699
Texas,February 2012, Inventory YoY ,-0.184333552
Texas,July 2020,Inventory MoM ,-0.104228817
Texas,June 2020,Inventory MoM ,-0.098083961
Texas,May 2020,Inventory MoM ,-0.036231981
Texas,April 2020,Inventory MoM ,-0.000454825
Texas,March 2020,Inventory MoM ,0.023343745
Texas,February 2020,Inventory MoM ,0.020109766
Texas,January 2020,Inventory MoM ,0.011994958
Texas,December 2019,Inventory MoM ,-0.099648569
Texas,November 2019,Inventory MoM ,-0.058026336
Texas,October 2019,Inventory MoM ,-0.024689045
Texas,September 2019,Inventory MoM ,-0.027063969
Texas,August 2019,Inventory MoM ,-0.020640871
Texas,July 2019,Inventory MoM ,0.002101099
Texas,June 2019,Inventory MoM ,0.036195686
Texas,May 2019,Inventory MoM ,0.055036471
Texas,April 2019,Inventory MoM ,0.035304078
Texas,March 2019,Inventory MoM ,0.045414328
Texas,February 2019,Inventory MoM ,0.018568926
Texas,January 2019,Inventory MoM ,0.022884968
Texas,December 2018,Inventory MoM ,-0.083375474
Texas,November 2018,Inventory MoM ,-0.036800642
Texas,October 2018,Inventory MoM ,-0.020732740
Texas,September 2018,Inventory MoM ,-0.014725553
Texas,August 2018,Inventory MoM ,-0.000445366
Texas,July 2018,Inventory MoM ,0.017993261
Texas,June 2018,Inventory MoM ,0.062683196
Texas,May 2018,Inventory MoM ,0.070576568
Texas,April 2018,Inventory MoM ,0.059999424
Texas,March 2018,Inventory MoM ,0.070381684
Texas,February 2018,Inventory MoM ,0.016826508
Texas,January 2018,Inventory MoM ,-0.003549482
Texas,December 2017,Inventory MoM ,-0.104792180
Texas,November 2017,Inventory MoM ,-0.055614309
Texas,October 2017,Inventory MoM ,-0.036693625
Texas,September 2017,Inventory MoM ,-0.045131710
Texas,August 2017,Inventory MoM ,-0.016666667
Texas,July 2017,Inventory MoM ,0.024777504
Texas,June 2017,Inventory MoM ,0.064775265
Texas,May 2017,Inventory MoM ,0.047183838
Texas,April 2017,Inventory MoM ,0.048055901
Texas,March 2017,Inventory MoM ,0.076515932
Texas,February 2017,Inventory MoM ,0.032125377
Texas,January 2017,Inventory MoM ,0.009701396
Texas,December 2016,Inventory MoM ,-0.087751478
Texas,November 2016,Inventory MoM ,-0.056171236
Texas,October 2016,Inventory MoM ,-0.028215523
Texas,September 2016,Inventory MoM ,-0.014609832
Texas,August 2016,Inventory MoM ,-0.021050957
Texas,July 2016,Inventory MoM ,0.033874092
Texas,June 2016,Inventory MoM ,0.049123161
Texas,May 2016,Inventory MoM ,0.021497482
Texas,April 2016,Inventory MoM ,0.033128555
Texas,March 2016,Inventory MoM ,0.049924309
Texas,February 2016,Inventory MoM ,0.024021367
Texas,January 2016,Inventory MoM ,0.029368280
Texas,December 2015,Inventory MoM ,-0.086099936
Texas,November 2015,Inventory MoM ,-0.055511130
Texas,October 2015,Inventory MoM ,-0.020298084
Texas,September 2015,Inventory MoM ,-0.011541864
Texas,August 2015,Inventory MoM ,-0.009485133
Texas,July 2015,Inventory MoM ,0.064266896
Texas,June 2015,Inventory MoM ,0.046392790
Texas,May 2015,Inventory MoM ,0.047333333
Texas,April 2015,Inventory MoM ,0.060078820
Texas,March 2015,Inventory MoM ,0.020956238
Texas,February 2015,Inventory MoM ,0.017738439
Texas,January 2015,Inventory MoM ,0.026817388
Texas,December 2014,Inventory MoM ,-0.089154689
Texas,November 2014,Inventory MoM ,-0.054775214
Texas,October 2014,Inventory MoM ,-0.033091610
Texas,September 2014,Inventory MoM ,-0.046791913
Texas,August 2014,Inventory MoM ,-0.006681644
Texas,July 2014,Inventory MoM ,0.058311362
Texas,June 2014,Inventory MoM ,0.044349024
Texas,May 2014,Inventory MoM ,0.031922460
Texas,April 2014,Inventory MoM ,0.023104376
Texas,March 2014,Inventory MoM ,0.017447468
Texas,February 2014,Inventory MoM ,0.014745964
Texas,January 2014,Inventory MoM ,0.018058651
Texas,December 2013,Inventory MoM ,-0.095968611
Texas,November 2013,Inventory MoM ,-0.059824153
Texas,October 2013,Inventory MoM ,-0.026537217
Texas,September 2013,Inventory MoM ,-0.029826689
Texas,August 2013,Inventory MoM ,-0.009617150
Texas,July 2013,Inventory MoM ,0.016189040
Texas,June 2013,Inventory MoM ,0.024288403
Texas,May 2013,Inventory MoM ,0.019866557
Texas,April 2013,Inventory MoM ,0.019541831
Texas,March 2013,Inventory MoM ,0.021552803
Texas,February 2013,Inventory MoM ,0.016098244
Texas,January 2013,Inventory MoM ,0.003710634
Texas,December 2012,Inventory MoM ,-0.086134178
Texas,November 2012,Inventory MoM ,-0.050646224
Texas,October 2012,Inventory MoM ,-0.049763345
Texas,September 2012,Inventory MoM ,-0.040458198
Texas,August 2012,Inventory MoM ,-0.035464274
Texas,July 2012,Inventory MoM ,-0.014480756
Texas,June 2012,Inventory MoM ,0.010473235
Texas,May 2012,Inventory MoM ,0.010682871
Texas,April 2012,Inventory MoM ,0.021702650
Texas,March 2012,Inventory MoM ,0.032324773
Texas,February 2012,Inventory MoM ,0.017428130
Texas,July 2020,Inventory,58252
Texas,June 2020,Inventory,64818
Texas,May 2020,Inventory,72006
Texas,April 2020,Inventory,74720
Texas,March 2020,Inventory,74700
Texas,February 2020,Inventory,73047
Texas,January 2020,Inventory,71460
Texas,December 2019,Inventory,70710
Texas,November 2019,Inventory,78473
Texas,October 2019,Inventory,83274
Texas,September 2019,Inventory,85416
Texas,August 2019,Inventory,87778
Texas,July 2019,Inventory,89665
Texas,June 2019,Inventory,89404
Texas,May 2019,Inventory,86494
Texas,April 2019,Inventory,81935
Texas,March 2019,Inventory,79164
Texas,February 2019,Inventory,75588
Texas,January 2019,Inventory,74152
Texas,December 2018,Inventory,72505
Texas,November 2018,Inventory,79227
Texas,October 2018,Inventory,82138
Texas,September 2018,Inventory,83971
Texas,August 2018,Inventory,85285
Texas,July 2018,Inventory,85204
Texas,June 2018,Inventory,83749
Texas,May 2018,Inventory,78803
Texas,April 2018,Inventory,73653
Texas,March 2018,Inventory,69380
Texas,February 2018,Inventory,64781
Texas,January 2018,Inventory,63726
Texas,December 2017,Inventory,63925
Texas,November 2017,Inventory,71439
Texas,October 2017,Inventory,75634
Texas,September 2017,Inventory,78515
Texas,August 2017,Inventory,82364
Texas,July 2017,Inventory,83711
Texas,June 2017,Inventory,81516
Texas,May 2017,Inventory,76768
Texas,April 2017,Inventory,73344
Texas,March 2017,Inventory,69966
Texas,February 2017,Inventory,64738
Texas,January 2017,Inventory,62759
Texas,December 2016,Inventory,62167
Texas,November 2016,Inventory,68303
Texas,October 2016,Inventory,72396
Texas,September 2016,Inventory,74529
Texas,August 2016,Inventory,73848
Texas,July 2016,Inventory,75265
Texas,June 2016,Inventory,72806
Texas,May 2016,Inventory,69565
Texas,April 2016,Inventory,68109
Texas,March 2016,Inventory,65888
Texas,February 2016,Inventory,62495
Texas,January 2016,Inventory,61268
Texas,December 2015,Inventory,59515
Texas,November 2015,Inventory,64961
Texas,October 2015,Inventory,69020
Texas,September 2015,Inventory,70397
Texas,August 2015,Inventory,71220
Texas,July 2015,Inventory,71904
Texas,June 2015,Inventory,67575
Texas,May 2015,Inventory,64411
Texas,April 2015,Inventory,61598
Texas,March 2015,Inventory,57975
Texas,February 2015,Inventory,56801
Texas,January 2015,Inventory,55864
Texas,December 2014,Inventory,54372
Texas,November 2014,Inventory,59690
Texas,October 2014,Inventory,63201
Texas,September 2014,Inventory,65249
Texas,August 2014,Inventory,68534
Texas,July 2014,Inventory,69040
Texas,June 2014,Inventory,65182
Texas,May 2014,Inventory,62389
Texas,April 2014,Inventory,60489
Texas,March 2014,Inventory,59073
Texas,February 2014,Inventory,58080
Texas,January 2014,Inventory,57108
Texas,December 2013,Inventory,56219
Texas,November 2013,Inventory,62234
Texas,October 2013,Inventory,66176
Texas,September 2013,Inventory,68014
Texas,August 2013,Inventory,70130
Texas,July 2013,Inventory,70742
Texas,June 2013,Inventory,69668
Texas,May 2013,Inventory,68020
Texas,April 2013,Inventory,66624
Texas,March 2013,Inventory,65314
Texas,February 2013,Inventory,63876
Texas,January 2013,Inventory,62755
Texas,December 2012,Inventory,62619
Texas,November 2012,Inventory,68606
Texas,October 2012,Inventory,72275
Texas,September 2012,Inventory,76060
Texas,August 2012,Inventory,79226
Texas,July 2012,Inventory,82145
Texas,June 2012,Inventory,83360
Texas,May 2012,Inventory,82498
Texas,April 2012,Inventory,81585
Texas,March 2012,Inventory,79872
Texas,February 2012,Inventory,77118
Texas,July 2020,New Listings YoY ,0.008677034
Texas,June 2020,New Listings YoY ,-0.060007679
Texas,May 2020,New Listings YoY ,-0.146536615
Texas,April 2020,New Listings YoY ,-0.286131974
Texas,March 2020,New Listings YoY ,-0.062674174
Texas,February 2020,New Listings YoY ,0.077005195
Texas,January 2020,New Listings YoY ,0.037110669
Texas,December 2019,New Listings YoY ,0.056035489
Texas,November 2019,New Listings YoY ,-0.013934106
Texas,October 2019,New Listings YoY ,0.072312971
Texas,September 2019,New Listings YoY ,0.087543928
Texas,August 2019,New Listings YoY ,-0.004358039
Texas,July 2019,New Listings YoY ,0.038444633
Texas,June 2019,New Listings YoY ,-0.017463954
Texas,May 2019,New Listings YoY ,0.026484542
Texas,April 2019,New Listings YoY ,0.031836554
Texas,March 2019,New Listings YoY ,0.012257229
Texas,February 2019,New Listings YoY ,0.072302048
Texas,January 2019,New Listings YoY ,0.111898423
Texas,December 2018,New Listings YoY ,0.031515517
Texas,November 2018,New Listings YoY ,0.044262221
Texas,October 2018,New Listings YoY ,0.032620836
Texas,September 2018,New Listings YoY ,0.012089128
Texas,August 2018,New Listings YoY ,0.104450128
Texas,July 2018,New Listings YoY ,0.016536067
Texas,June 2018,New Listings YoY ,0.006260672
Texas,May 2018,New Listings YoY ,0.042142158
Texas,April 2018,New Listings YoY ,0.089513527
Texas,March 2018,New Listings YoY ,-0.015924289
Texas,February 2018,New Listings YoY ,-0.020410456
Texas,January 2018,New Listings YoY ,-0.003793905
Texas,December 2017,New Listings YoY ,0.020979451
Texas,November 2017,New Listings YoY ,0.072522238
Texas,October 2017,New Listings YoY ,0.067832168
Texas,September 2017,New Listings YoY ,-0.026560936
Texas,August 2017,New Listings YoY ,0.011426796
Texas,July 2017,New Listings YoY ,0.041390009
Texas,June 2017,New Listings YoY ,0.099755165
Texas,May 2017,New Listings YoY ,0.147065241
Texas,April 2017,New Listings YoY ,0.052848885
Texas,March 2017,New Listings YoY ,0.105841473
Texas,February 2017,New Listings YoY ,-0.007031250
Texas,January 2017,New Listings YoY ,0.021935861
Texas,December 2016,New Listings YoY ,0.014357950
Texas,November 2016,New Listings YoY ,0.050387597
Texas,October 2016,New Listings YoY ,-0.017005291
Texas,September 2016,New Listings YoY ,0.008800155
Texas,August 2016,New Listings YoY ,0.009408935
Texas,July 2016,New Listings YoY ,-0.076945395
Texas,June 2016,New Listings YoY ,0.030870935
Texas,May 2016,New Listings YoY ,0.007855734
Texas,April 2016,New Listings YoY ,-0.009430656
Texas,March 2016,New Listings YoY ,0.142071759
Texas,February 2016,New Listings YoY ,0.137097121
Texas,January 2016,New Listings YoY ,0.074540659
Texas,December 2015,New Listings YoY ,0.079264948
Texas,November 2015,New Listings YoY ,0.099138177
Texas,October 2015,New Listings YoY ,0.077069164
Texas,September 2015,New Listings YoY ,0.147724705
Texas,August 2015,New Listings YoY ,0.061127173
Texas,July 2015,New Listings YoY ,0.142080848
Texas,June 2015,New Listings YoY ,0.068924183
Texas,May 2015,New Listings YoY ,-0.016011782
Texas,April 2015,New Listings YoY ,0.056994644
Texas,March 2015,New Listings YoY ,0.014689141
Texas,February 2015,New Listings YoY ,0.029445625
Texas,January 2015,New Listings YoY ,0.025698428
Texas,December 2014,New Listings YoY ,0.106665654
Texas,November 2014,New Listings YoY ,0.027261535
Texas,October 2014,New Listings YoY ,0.036309524
Texas,September 2014,New Listings YoY ,0.035980323
Texas,August 2014,New Listings YoY ,0.007299270
Texas,July 2014,New Listings YoY ,0.017600054
Texas,June 2014,New Listings YoY ,0.039288310
Texas,May 2014,New Listings YoY ,0.048443816
Texas,April 2014,New Listings YoY ,0.004024349
Texas,March 2014,New Listings YoY ,-0.005261235
Texas,February 2014,New Listings YoY ,-0.023483112
Texas,January 2014,New Listings YoY ,0.017876670
Texas,December 2013,New Listings YoY ,0.008576461
Texas,November 2013,New Listings YoY ,-0.011586143
Texas,October 2013,New Listings YoY ,0.090591290
Texas,September 2013,New Listings YoY ,0.119888866
Texas,August 2013,New Listings YoY ,0.139049178
Texas,July 2013,New Listings YoY ,0.200412972
Texas,June 2013,New Listings YoY ,0.079693630
Texas,May 2013,New Listings YoY ,0.113513316
Texas,April 2013,New Listings YoY ,0.104846243
Texas,March 2013,New Listings YoY ,-0.000547745
Texas,February 2013,New Listings YoY ,0.031169063
Texas,January 2013,New Listings YoY ,0.034706838
Texas,December 2012,New Listings YoY ,0.015408560
Texas,November 2012,New Listings YoY ,0.059238797
Texas,October 2012,New Listings YoY ,0.068314031
Texas,September 2012,New Listings YoY ,0.000157381
Texas,August 2012,New Listings YoY ,0.082528575
Texas,July 2012,New Listings YoY ,0.088623230
Texas,June 2012,New Listings YoY ,0.049480086
Texas,May 2012,New Listings YoY ,0.094150641
Texas,April 2012,New Listings YoY ,0.003679369
Texas,March 2012,New Listings YoY ,-0.027422563
Texas,February 2012,New Listings YoY ,0.110007450
Texas,July 2020,New Listings MoM ,0.043148909
Texas,June 2020,New Listings MoM ,0.020971105
Texas,May 2020,New Listings MoM ,0.262588306
Texas,April 2020,New Listings MoM ,-0.192958515
Texas,March 2020,New Listings MoM ,0.089472814
Texas,February 2020,New Listings MoM ,0.073262411
Texas,January 2020,New Listings MoM ,0.557989049
Texas,December 2019,New Listings MoM ,-0.203592024
Texas,November 2019,New Listings MoM ,-0.210262829
Texas,October 2019,New Listings MoM ,0.032683260
Texas,September 2019,New Listings MoM ,-0.135272750
Texas,August 2019,New Listings MoM ,-0.090850079
Texas,July 2019,New Listings MoM ,-0.028456288
Texas,June 2019,New Listings MoM ,-0.073119264
Texas,May 2019,New Listings MoM ,0.056276824
Texas,April 2019,New Listings MoM ,0.059586081
Texas,March 2019,New Listings MoM ,0.252260269
Texas,February 2019,New Listings MoM ,0.033060894
Texas,January 2019,New Listings MoM ,0.586059827
Texas,December 2018,New Listings MoM ,-0.256676365
Texas,November 2018,New Listings MoM ,-0.141111153
Texas,October 2018,New Listings MoM ,0.047221029
Texas,September 2018,New Listings MoM ,-0.208343634
Texas,August 2018,New Listings MoM ,-0.051679208
Texas,July 2018,New Listings MoM ,-0.080649942
Texas,June 2018,New Listings MoM ,-0.032091556
Texas,May 2018,New Listings MoM ,0.061906476
Texas,April 2018,New Listings MoM ,0.039299174
Texas,March 2018,New Listings MoM ,0.327396423
Texas,February 2018,New Listings MoM ,0.071349580
Texas,January 2018,New Listings MoM ,0.471350244
Texas,December 2017,New Listings MoM ,-0.247903920
Texas,November 2017,New Listings MoM ,-0.150071261
Texas,October 2017,New Listings MoM ,0.026737333
Texas,September 2017,New Listings MoM ,-0.136810486
Texas,August 2017,New Listings MoM ,-0.127100465
Texas,July 2017,New Listings MoM ,-0.089715773
Texas,June 2017,New Listings MoM ,0.002285776
Texas,May 2017,New Listings MoM ,0.110242872
Texas,April 2017,New Listings MoM ,-0.061624253
Texas,March 2017,New Listings MoM ,0.320412664
Texas,February 2017,New Listings MoM ,0.089606466
Texas,January 2017,New Listings MoM ,0.508092806
Texas,December 2016,New Listings MoM ,-0.210063199
Texas,November 2016,New Listings MoM ,-0.153681788
Texas,October 2016,New Listings MoM ,-0.064395833
Texas,September 2016,New Listings MoM ,-0.102008420
Texas,August 2016,New Listings MoM ,-0.103878160
Texas,July 2016,New Listings MoM ,-0.037659941
Texas,June 2016,New Listings MoM ,0.044650193
Texas,May 2016,New Listings MoM ,0.019266645
Texas,April 2016,New Listings MoM ,-0.015827293
Texas,March 2016,New Listings MoM ,0.192582241
Texas,February 2016,New Listings MoM ,0.120510537
Texas,January 2016,New Listings MoM ,0.500412777
Texas,December 2015,New Listings MoM ,-0.184075476
Texas,November 2015,New Listings MoM ,-0.208792112
Texas,October 2015,New Listings MoM ,-0.039957484
Texas,September 2015,New Listings MoM ,-0.101369281
Texas,August 2015,New Listings MoM ,-0.180579315
Texas,July 2015,New Listings MoM ,0.073970213
Texas,June 2015,New Listings MoM ,0.020860495
Texas,May 2015,New Listings MoM ,0.001307315
Texas,April 2015,New Listings MoM ,0.134413073
Texas,March 2015,New Listings MoM ,0.188430108
Texas,February 2015,New Listings MoM ,0.058119425
Texas,January 2015,New Listings MoM ,0.508160746
Texas,December 2014,New Listings MoM ,-0.168121897
Texas,November 2014,New Listings MoM ,-0.225649638
Texas,October 2014,New Listings MoM ,0.022359743
Texas,September 2014,New Listings MoM ,-0.169308790
Texas,August 2014,New Listings MoM ,-0.117319547
Texas,July 2014,New Listings MoM ,0.004693742
Texas,June 2014,New Listings MoM ,-0.058926780
Texas,May 2014,New Listings MoM ,0.074867752
Texas,April 2014,New Listings MoM ,0.090104645
Texas,March 2014,New Listings MoM ,0.206077789
Texas,February 2014,New Listings MoM ,0.053319028
Texas,January 2014,New Listings MoM ,0.627070983
Texas,December 2013,New Listings MoM ,-0.227643230
Texas,November 2013,New Listings MoM ,-0.218880190
Texas,October 2013,New Listings MoM ,0.022186856
Texas,September 2013,New Listings MoM ,-0.192050225
Texas,August 2013,New Listings MoM ,-0.108222919
Texas,July 2013,New Listings MoM ,0.026236544
Texas,June 2013,New Listings MoM ,-0.050625842
Texas,May 2013,New Listings MoM ,0.028935537
Texas,April 2013,New Listings MoM ,0.080264504
Texas,March 2013,New Listings MoM ,0.184387035
Texas,February 2013,New Listings MoM ,0.097580683
Texas,January 2013,New Listings MoM ,0.612180716
Texas,December 2012,New Listings MoM ,-0.243067641
Texas,November 2012,New Listings MoM ,-0.137767340
Texas,October 2012,New Listings MoM ,0.050099675
Texas,September 2012,New Listings MoM ,-0.178409825
Texas,August 2012,New Listings MoM ,-0.059767414
Texas,July 2012,New Listings MoM ,-0.077181961
Texas,June 2012,New Listings MoM ,-0.020615914
Texas,May 2012,New Listings MoM ,0.021049090
Texas,April 2012,New Listings MoM ,-0.023523396
Texas,March 2012,New Listings MoM ,0.222212302
Texas,February 2012,New Listings MoM ,0.101039460
Texas,July 2020,New Listings,35804
Texas,June 2020,New Listings,34274
Texas,May 2020,New Listings,33600
Texas,April 2020,New Listings,26613
Texas,March 2020,New Listings,32962
Texas,February 2020,New Listings,30266
Texas,January 2020,New Listings,28170
Texas,December 2019,New Listings,18092
Texas,November 2019,New Listings,22716
Texas,October 2019,New Listings,28753
Texas,September 2019,New Listings,27852
Texas,August 2019,New Listings,32213
Texas,July 2019,New Listings,35439
Texas,June 2019,New Listings,36457
Texas,May 2019,New Listings,39378
Texas,April 2019,New Listings,37272
Texas,March 2019,New Listings,35181
Texas,February 2019,New Listings,28060
Texas,January 2019,New Listings,27147
Texas,December 2018,New Listings,17118
Texas,November 2018,New Listings,23050
Texas,October 2018,New Listings,26812
Texas,September 2018,New Listings,25618
Texas,August 2018,New Listings,32388
Texas,July 2018,New Listings,34118
Texas,June 2018,New Listings,37128
Texas,May 2018,New Listings,38355
Texas,April 2018,New Listings,36125
Texas,March 2018,New Listings,34730
Texas,February 2018,New Listings,26157
Texas,January 2018,New Listings,24420
Texas,December 2017,New Listings,16595
Texas,November 2017,New Listings,22065
Texas,October 2017,New Listings,25959
Texas,September 2017,New Listings,25288
Texas,August 2017,New Listings,29298
Texas,July 2017,New Listings,33564
Texas,June 2017,New Listings,36833
Texas,May 2017,New Listings,36799
Texas,April 2017,New Listings,33150
Texas,March 2017,New Listings,35325
Texas,February 2017,New Listings,26691
Texas,January 2017,New Listings,24505
Texas,December 2016,New Listings,16249
Texas,November 2016,New Listings,20596
Texas,October 2016,New Listings,24336
Texas,September 2016,New Listings,26022
Texas,August 2016,New Listings,28537
Texas,July 2016,New Listings,31814
Texas,June 2016,New Listings,33059
Texas,May 2016,New Listings,31689
Texas,April 2016,New Listings,31091
Texas,March 2016,New Listings,31576
Texas,February 2016,New Listings,26425
Texas,January 2016,New Listings,23627
Texas,December 2015,New Listings,15740
Texas,November 2015,New Listings,19258
Texas,October 2015,New Listings,24387
Texas,September 2015,New Listings,25398
Texas,August 2015,New Listings,28261
Texas,July 2015,New Listings,34468
Texas,June 2015,New Listings,32103
Texas,May 2015,New Listings,31403
Texas,April 2015,New Listings,31379
Texas,March 2015,New Listings,27631
Texas,February 2015,New Listings,23249
Texas,January 2015,New Listings,21992
Texas,December 2014,New Listings,14577
Texas,November 2014,New Listings,17522
Texas,October 2014,New Listings,22633
Texas,September 2014,New Listings,22113
Texas,August 2014,New Listings,26634
Texas,July 2014,New Listings,30181
Texas,June 2014,New Listings,30024
Texas,May 2014,New Listings,31901
Texas,April 2014,New Listings,29689
Texas,March 2014,New Listings,27226
Texas,February 2014,New Listings,22580
Texas,January 2014,New Listings,21409
Texas,December 2013,New Listings,13171
Texas,November 2013,New Listings,17062
Texas,October 2013,New Listings,21838
Texas,September 2013,New Listings,21363
Texas,August 2013,New Listings,26451
Texas,July 2013,New Listings,29649
Texas,June 2013,New Listings,28898
Texas,May 2013,New Listings,30439
Texas,April 2013,New Listings,29569
Texas,March 2013,New Listings,27370
Texas,February 2013,New Listings,23092
Texas,January 2013,New Listings,21018
Texas,December 2012,New Listings,13048
Texas,November 2012,New Listings,17255
Texas,October 2012,New Listings,20017
Texas,September 2012,New Listings,19065
Texas,August 2012,New Listings,23204
Texas,July 2012,New Listings,24678
Texas,June 2012,New Listings,26746
Texas,May 2012,New Listings,27310
Texas,April 2012,New Listings,26733
Texas,March 2012,New Listings,27380
Texas,February 2012,New Listings,22350
Texas,July 2020,Homes Sold YoY ,0.165178123
Texas,June 2020,Homes Sold YoY ,0.110289173
Texas,May 2020,Homes Sold YoY ,-0.276779861
Texas,April 2020,Homes Sold YoY ,-0.192379147
Texas,March 2020,Homes Sold YoY ,0.041513487
Texas,February 2020,Homes Sold YoY ,0.100819628
Texas,January 2020,Homes Sold YoY ,0.171428571
Texas,December 2019,Homes Sold YoY ,0.165306501
Texas,November 2019,Homes Sold YoY ,0.036083224
Texas,October 2019,Homes Sold YoY ,0.098522167
Texas,September 2019,Homes Sold YoY ,0.107927499
Texas,August 2019,Homes Sold YoY ,0.043883689
Texas,July 2019,Homes Sold YoY ,0.070817065
Texas,June 2019,Homes Sold YoY ,-0.035763036
Texas,May 2019,Homes Sold YoY ,0.059845090
Texas,April 2019,Homes Sold YoY ,0.069459087
Texas,March 2019,Homes Sold YoY ,0.006274412
Texas,February 2019,Homes Sold YoY ,0.018721685
Texas,January 2019,Homes Sold YoY ,-0.065008949
Texas,December 2018,Homes Sold YoY ,-0.070329670
Texas,November 2018,Homes Sold YoY ,-0.031577463
Texas,October 2018,Homes Sold YoY ,-0.003378378
Texas,September 2018,Homes Sold YoY ,-0.070784414
Texas,August 2018,Homes Sold YoY ,0.106085656
Texas,July 2018,Homes Sold YoY ,0.069172990
Texas,June 2018,Homes Sold YoY ,0.001503965
Texas,May 2018,Homes Sold YoY ,0.027708348
Texas,April 2018,Homes Sold YoY ,0.077201869
Texas,March 2018,Homes Sold YoY ,0.003544916
Texas,February 2018,Homes Sold YoY ,0.046571429
Texas,January 2018,Homes Sold YoY ,0.058035714
Texas,December 2017,Homes Sold YoY ,0.059261288
Texas,November 2017,Homes Sold YoY ,0.066770264
Texas,October 2017,Homes Sold YoY ,0.057559442
Texas,September 2017,Homes Sold YoY ,0.005046833
Texas,August 2017,Homes Sold YoY ,-0.057996289
Texas,July 2017,Homes Sold YoY ,0.043462615
Texas,June 2017,Homes Sold YoY ,0.063027043
Texas,May 2017,Homes Sold YoY ,0.097988472
Texas,April 2017,Homes Sold YoY ,-0.000305704
Texas,March 2017,Homes Sold YoY ,0.060749524
Texas,February 2017,Homes Sold YoY ,0.030813645
Texas,January 2017,Homes Sold YoY ,0.037929339
Texas,December 2016,Homes Sold YoY ,0.018838085
Texas,November 2016,Homes Sold YoY ,0.217070343
Texas,October 2016,Homes Sold YoY ,0.019478312
Texas,September 2016,Homes Sold YoY ,0.023952358
Texas,August 2016,Homes Sold YoY ,0.065556753
Texas,July 2016,Homes Sold YoY ,-0.079970299
Texas,June 2016,Homes Sold YoY ,0.028375217
Texas,May 2016,Homes Sold YoY ,0.076163310
Texas,April 2016,Homes Sold YoY ,0.045824095
Texas,March 2016,Homes Sold YoY ,0.079666088
Texas,February 2016,Homes Sold YoY ,0.090023383
Texas,January 2016,Homes Sold YoY ,0.060087455
Texas,December 2015,Homes Sold YoY ,0.055365212
Texas,November 2015,Homes Sold YoY ,-0.013455099
Texas,October 2015,Homes Sold YoY ,-0.031136926
Texas,September 2015,Homes Sold YoY ,0.068647396
Texas,August 2015,Homes Sold YoY ,0.042502706
Texas,July 2015,Homes Sold YoY ,0.083169113
Texas,June 2015,Homes Sold YoY ,0.057113229
Texas,May 2015,Homes Sold YoY ,-0.012939002
Texas,April 2015,Homes Sold YoY ,0.036680554
Texas,March 2015,Homes Sold YoY ,0.083943515
Texas,February 2015,Homes Sold YoY ,0.008577789
Texas,January 2015,Homes Sold YoY ,0.028693292
Texas,December 2014,Homes Sold YoY ,0.124120996
Texas,November 2014,Homes Sold YoY ,0.007973993
Texas,October 2014,Homes Sold YoY ,0.107915567
Texas,September 2014,Homes Sold YoY ,0.064098691
Texas,August 2014,Homes Sold YoY ,-0.021425662
Texas,July 2014,Homes Sold YoY ,-0.009045627
Texas,June 2014,Homes Sold YoY ,0.070909868
Texas,May 2014,Homes Sold YoY ,-0.038430453
Texas,April 2014,Homes Sold YoY ,-0.018381834
Texas,March 2014,Homes Sold YoY ,-0.009429563
Texas,February 2014,Homes Sold YoY ,0.063949843
Texas,January 2014,Homes Sold YoY ,0.015608987
Texas,December 2013,Homes Sold YoY ,0.115303200
Texas,November 2013,Homes Sold YoY ,0.042519182
Texas,October 2013,Homes Sold YoY ,0.098185823
Texas,September 2013,Homes Sold YoY ,0.213644415
Texas,August 2013,Homes Sold YoY ,0.163272073
Texas,July 2013,Homes Sold YoY ,0.260535436
Texas,June 2013,Homes Sold YoY ,0.119323071
Texas,May 2013,Homes Sold YoY ,0.241460601
Texas,April 2013,Homes Sold YoY ,0.248605157
Texas,March 2013,Homes Sold YoY ,0.183724781
Texas,February 2013,Homes Sold YoY ,0.157712165
Texas,January 2013,Homes Sold YoY ,0.253833218
Texas,December 2012,Homes Sold YoY ,0.159742793
Texas,November 2012,Homes Sold YoY ,0.264230272
Texas,October 2012,Homes Sold YoY ,0.322798404
Texas,September 2012,Homes Sold YoY ,0.113712147
Texas,August 2012,Homes Sold YoY ,0.204866069
Texas,July 2012,Homes Sold YoY ,0.230479134
Texas,June 2012,Homes Sold YoY ,0.146154268
Texas,May 2012,Homes Sold YoY ,0.223532302
Texas,April 2012,Homes Sold YoY ,0.1342
Texas,March 2012,Homes Sold YoY ,0.123449986
Texas,February 2012,Homes Sold YoY ,0.229425196
Texas,July 2020,Homes Sold MoM ,0.110144373
Texas,June 2020,Homes Sold MoM ,0.421856586
Texas,May 2020,Homes Sold MoM ,0.035917179
Texas,April 2020,Homes Sold MoM ,-0.155493002
Texas,March 2020,Homes Sold MoM ,0.227496227
Texas,February 2020,Homes Sold MoM ,0.198961433
Texas,January 2020,Homes Sold MoM ,-0.318134797
Texas,December 2019,Homes Sold MoM ,0.177040888
Texas,November 2019,Homes Sold MoM ,-0.121298124
Texas,October 2019,Homes Sold MoM ,0.004338484
Texas,September 2019,Homes Sold MoM ,-0.174617247
Texas,August 2019,Homes Sold MoM ,-0.018768191
Texas,July 2019,Homes Sold MoM ,0.057857674
Texas,June 2019,Homes Sold MoM ,-0.073816704
Texas,May 2019,Homes Sold MoM ,0.156928910
Texas,April 2019,Homes Sold MoM ,0.089065984
Texas,March 2019,Homes Sold MoM ,0.297316119
Texas,February 2019,Homes Sold MoM ,0.275647598
Texas,January 2019,Homes Sold MoM ,-0.321945114
Texas,December 2018,Homes Sold MoM ,0.046623326
Texas,November 2018,Homes Sold MoM ,-0.068435565
Texas,October 2018,Homes Sold MoM ,0.012863944
Texas,September 2018,Homes Sold MoM ,-0.222412075
Texas,August 2018,Homes Sold MoM ,0.006591438
Texas,July 2018,Homes Sold MoM ,-0.047425567
Texas,June 2018,Homes Sold MoM ,0.017926626
Texas,May 2018,Homes Sold MoM ,0.167105957
Texas,April 2018,Homes Sold MoM ,0.024970916
Texas,March 2018,Homes Sold MoM ,0.313912854
Texas,February 2018,Homes Sold MoM ,0.170960936
Texas,January 2018,Homes Sold MoM ,-0.325892088
Texas,December 2017,Homes Sold MoM ,0.090272556
Texas,November 2017,Homes Sold MoM ,-0.041223644
Texas,October 2017,Homes Sold MoM ,-0.055612288
Texas,September 2017,Homes Sold MoM ,-0.074660366
Texas,August 2017,Homes Sold MoM ,-0.027206192
Texas,July 2017,Homes Sold MoM ,-0.107794872
Texas,June 2017,Homes Sold MoM ,0.044537305
Texas,May 2017,Homes Sold MoM ,0.223222086
Texas,April 2017,Homes Sold MoM ,-0.045253587
Texas,March 2017,Homes Sold MoM ,0.369786310
Texas,February 2017,Homes Sold MoM ,0.184002166
Texas,January 2017,Homes Sold MoM ,-0.325251142
Texas,December 2016,Homes Sold MoM ,0.097999900
Texas,November 2016,Homes Sold MoM ,-0.049459189
Texas,October 2016,Homes Sold MoM ,-0.102309666
Texas,September 2016,Homes Sold MoM ,-0.132480059
Texas,August 2016,Homes Sold MoM ,0.076951013
Texas,July 2016,Homes Sold MoM ,-0.090738974
Texas,June 2016,Homes Sold MoM ,0.078128091
Texas,May 2016,Homes Sold MoM ,0.116618076
Texas,April 2016,Homes Sold MoM ,0.011617516
Texas,March 2016,Homes Sold MoM ,0.332400405
Texas,February 2016,Homes Sold MoM ,0.194193411
Texas,January 2016,Homes Sold MoM ,-0.338461538
Texas,December 2015,Homes Sold MoM ,0.311570503
Texas,November 2015,Homes Sold MoM ,-0.203303997
Texas,October 2015,Homes Sold MoM ,-0.099318403
Texas,September 2015,Homes Sold MoM ,-0.097959347
Texas,August 2015,Homes Sold MoM ,-0.070208658
Texas,July 2015,Homes Sold MoM ,0.016147897
Texas,June 2015,Homes Sold MoM ,0.128160381
Texas,May 2015,Homes Sold MoM ,0.085115227
Texas,April 2015,Homes Sold MoM ,0.044382266
Texas,March 2015,Homes Sold MoM ,0.345429759
Texas,February 2015,Homes Sold MoM ,0.161176027
Texas,January 2015,Homes Sold MoM ,-0.341523951
Texas,December 2014,Homes Sold MoM ,0.225704375
Texas,November 2014,Homes Sold MoM ,-0.217289831
Texas,October 2014,Homes Sold MoM ,-0.006859035
Texas,September 2014,Homes Sold MoM ,-0.120118245
Texas,August 2014,Homes Sold MoM ,-0.033744922
Texas,July 2014,Homes Sold MoM ,-0.008097005
Texas,June 2014,Homes Sold MoM ,0.053494138
Texas,May 2014,Homes Sold MoM ,0.139716448
Texas,April 2014,Homes Sold MoM ,0.091650546
Texas,March 2014,Homes Sold MoM ,0.251980879
Texas,February 2014,Homes Sold MoM ,0.184596293
Texas,January 2014,Homes Sold MoM ,-0.280399933
Texas,December 2013,Homes Sold MoM ,0.099153270
Texas,November 2013,Homes Sold MoM ,-0.139532429
Texas,October 2013,Homes Sold MoM ,-0.046355949
Texas,September 2013,Homes Sold MoM ,-0.190788402
Texas,August 2013,Homes Sold MoM ,-0.021553785
Texas,July 2013,Homes Sold MoM ,0.071974713
Texas,June 2013,Homes Sold MoM ,-0.053941573
Texas,May 2013,Homes Sold MoM ,0.163493630
Texas,April 2013,Homes Sold MoM ,0.101212058
Texas,March 2013,Homes Sold MoM ,0.344875636
Texas,February 2013,Homes Sold MoM ,0.131247044
Texas,January 2013,Homes Sold MoM ,-0.209886548
Texas,December 2012,Homes Sold MoM ,0.027196519
Texas,November 2012,Homes Sold MoM ,-0.093302406
Texas,October 2012,Homes Sold MoM ,0.053647806
Texas,September 2012,Homes Sold MoM ,-0.224323428
Texas,August 2012,Homes Sold MoM ,0.060047234
Texas,July 2012,Homes Sold MoM ,-0.048022194
Texas,June 2012,Homes Sold MoM ,0.049284818
Texas,May 2012,Homes Sold MoM ,0.170485254
Texas,April 2012,Homes Sold MoM ,0.043678302
Texas,March 2012,Homes Sold MoM ,0.315267360
Texas,February 2012,Homes Sold MoM ,0.225531915
Texas,July 2020,Homes Sold,34833
Texas,June 2020,Homes Sold,31369
Texas,May 2020,Homes Sold,22064
Texas,April 2020,Homes Sold,21301
Texas,March 2020,Homes Sold,25214
Texas,February 2020,Homes Sold,20549
Texas,January 2020,Homes Sold,17138
Texas,December 2019,Homes Sold,25131
Texas,November 2019,Homes Sold,21363
Texas,October 2019,Homes Sold,24307
Texas,September 2019,Homes Sold,24206
Texas,August 2019,Homes Sold,29330
Texas,July 2019,Homes Sold,29894
Texas,June 2019,Homes Sold,28256
Texas,May 2019,Homes Sold,30514
Texas,April 2019,Homes Sold,26375
Texas,March 2019,Homes Sold,24217
Texas,February 2019,Homes Sold,18664
Texas,January 2019,Homes Sold,14627
Texas,December 2018,Homes Sold,21573
Texas,November 2018,Homes Sold,20609
Texas,October 2018,Homes Sold,22125
Texas,September 2018,Homes Sold,21844
Texas,August 2018,Homes Sold,28099
Texas,July 2018,Homes Sold,27899
Texas,June 2018,Homes Sold,29300
Texas,May 2018,Homes Sold,28782
Texas,April 2018,Homes Sold,24669
Texas,March 2018,Homes Sold,24063
Texas,February 2018,Homes Sold,18315
Texas,January 2018,Homes Sold,15642
Texas,December 2017,Homes Sold,23201
Texas,November 2017,Homes Sold,21281
Texas,October 2017,Homes Sold,22195
Texas,September 2017,Homes Sold,23499
Texas,August 2017,Homes Sold,25387
Texas,July 2017,Homes Sold,26097
Texas,June 2017,Homes Sold,29246
Texas,May 2017,Homes Sold,28002
Texas,April 2017,Homes Sold,22891
Texas,March 2017,Homes Sold,23974
Texas,February 2017,Homes Sold,17496
Texas,January 2017,Homes Sold,14777
Texas,December 2016,Homes Sold,21904
Texas,November 2016,Homes Sold,19949
Texas,October 2016,Homes Sold,20988
Texas,September 2016,Homes Sold,23384
Texas,August 2016,Homes Sold,26689
Texas,July 2016,Homes Sold,24781
Texas,June 2016,Homes Sold,27254
Texas,May 2016,Homes Sold,25278
Texas,April 2016,Homes Sold,22640
Texas,March 2016,Homes Sold,22375
Texas,February 2016,Homes Sold,16782
Texas,January 2016,Homes Sold,14061
Texas,December 2015,Homes Sold,21254
Texas,November 2015,Homes Sold,16204
Texas,October 2015,Homes Sold,20350
Texas,September 2015,Homes Sold,22588
Texas,August 2015,Homes Sold,25043
Texas,July 2015,Homes Sold,26933
Texas,June 2015,Homes Sold,26505
Texas,May 2015,Homes Sold,23496
Texas,April 2015,Homes Sold,21649
Texas,March 2015,Homes Sold,20725
Texas,February 2015,Homes Sold,15403
Texas,January 2015,Homes Sold,13265
Texas,December 2014,Homes Sold,20142
Texas,November 2014,Homes Sold,16433
Texas,October 2014,Homes Sold,20995
Texas,September 2014,Homes Sold,21133
Texas,August 2014,Homes Sold,24024
Texas,July 2014,Homes Sold,24868
Texas,June 2014,Homes Sold,25070
Texas,May 2014,Homes Sold,23795
Texas,April 2014,Homes Sold,20880
Texas,March 2014,Homes Sold,19119
Texas,February 2014,Homes Sold,15273
Texas,January 2014,Homes Sold,12883
Texas,December 2013,Homes Sold,17914
Texas,November 2013,Homes Sold,16305
Texas,October 2013,Homes Sold,18947
Texas,September 2013,Homes Sold,19871
Texas,August 2013,Homes Sold,24559
Texas,July 2013,Homes Sold,25096
Texas,June 2013,Homes Sold,23414
Texas,May 2013,Homes Sold,24751
Texas,April 2013,Homes Sold,21260
Texas,March 2013,Homes Sold,19303
Texas,February 2013,Homes Sold,14351
Texas,January 2013,Homes Sold,12675
Texas,December 2012,Homes Sold,16052
Texas,November 2012,Homes Sold,15636
Texas,October 2012,Homes Sold,17244
Texas,September 2012,Homes Sold,16366
Texas,August 2012,Homes Sold,21096
Texas,July 2012,Homes Sold,19903
Texas,June 2012,Homes Sold,20907
Texas,May 2012,Homes Sold,19924
Texas,April 2012,Homes Sold,17013
Texas,March 2012,Homes Sold,16308
Texas,February 2012,Homes Sold,12384
Texas,July 2020,Median Sale Price YoY ,0.088018874
Texas,June 2020,Median Sale Price YoY ,0.031307076
Texas,May 2020,Median Sale Price YoY ,-0.002332928
Texas,April 2020,Median Sale Price YoY ,0.035418141
Texas,March 2020,Median Sale Price YoY ,0.052287936
Texas,February 2020,Median Sale Price YoY ,0.062936760
Texas,January 2020,Median Sale Price YoY ,0.060745672
Texas,December 2019,Median Sale Price YoY ,0.050018367
Texas,November 2019,Median Sale Price YoY ,0.035124335
Texas,October 2019,Median Sale Price YoY ,0.050165744
Texas,September 2019,Median Sale Price YoY ,0.049766660
Texas,August 2019,Median Sale Price YoY ,0.033709437
Texas,July 2019,Median Sale Price YoY ,0.030972526
Texas,June 2019,Median Sale Price YoY ,0.036560647
Texas,May 2019,Median Sale Price YoY ,0.031872179
Texas,April 2019,Median Sale Price YoY ,0.029284329
Texas,March 2019,Median Sale Price YoY ,0.018200108
Texas,February 2019,Median Sale Price YoY ,0.016221816
Texas,January 2019,Median Sale Price YoY ,0.016915773
Texas,December 2018,Median Sale Price YoY ,0.022041968
Texas,November 2018,Median Sale Price YoY ,0.033867846
Texas,October 2018,Median Sale Price YoY ,0.044967636
Texas,September 2018,Median Sale Price YoY ,0.029465470
Texas,August 2018,Median Sale Price YoY ,0.035292770
Texas,July 2018,Median Sale Price YoY ,0.045778412
Texas,June 2018,Median Sale Price YoY ,0.041028178
Texas,May 2018,Median Sale Price YoY ,0.045620540
Texas,April 2018,Median Sale Price YoY ,0.039111441
Texas,March 2018,Median Sale Price YoY ,0.049531278
Texas,February 2018,Median Sale Price YoY ,0.044420811
Texas,January 2018,Median Sale Price YoY ,0.059196529
Texas,December 2017,Median Sale Price YoY ,0.058140359
Texas,November 2017,Median Sale Price YoY ,0.044149234
Texas,October 2017,Median Sale Price YoY ,0.046723799
Texas,September 2017,Median Sale Price YoY ,0.065651928
Texas,August 2017,Median Sale Price YoY ,0.057389451
Texas,July 2017,Median Sale Price YoY ,0.052413799
Texas,June 2017,Median Sale Price YoY ,0.055286522
Texas,May 2017,Median Sale Price YoY ,0.061305177
Texas,April 2017,Median Sale Price YoY ,0.077830745
Texas,March 2017,Median Sale Price YoY ,0.081266368
Texas,February 2017,Median Sale Price YoY ,0.097613229
Texas,January 2017,Median Sale Price YoY ,0.072758033
Texas,December 2016,Median Sale Price YoY ,0.067703253
Texas,November 2016,Median Sale Price YoY ,0.097140243
Texas,October 2016,Median Sale Price YoY ,0.078879505
Texas,September 2016,Median Sale Price YoY ,0.072360711
Texas,August 2016,Median Sale Price YoY ,0.073533020
Texas,July 2016,Median Sale Price YoY ,0.068818035
Texas,June 2016,Median Sale Price YoY ,0.065039539
Texas,May 2016,Median Sale Price YoY ,0.049652842
Texas,April 2016,Median Sale Price YoY ,0.056402874
Texas,March 2016,Median Sale Price YoY ,0.058586010
Texas,February 2016,Median Sale Price YoY ,0.049072273
Texas,January 2016,Median Sale Price YoY ,0.062202427
Texas,December 2015,Median Sale Price YoY ,0.060717931
Texas,November 2015,Median Sale Price YoY ,0.057653521
Texas,October 2015,Median Sale Price YoY ,0.071684783
Texas,September 2015,Median Sale Price YoY ,0.065610852
Texas,August 2015,Median Sale Price YoY ,0.066392227
Texas,July 2015,Median Sale Price YoY ,0.068038367
Texas,June 2015,Median Sale Price YoY ,0.074819083
Texas,May 2015,Median Sale Price YoY ,0.103395922
Texas,April 2015,Median Sale Price YoY ,0.091743305
Texas,March 2015,Median Sale Price YoY ,0.081365228
Texas,February 2015,Median Sale Price YoY ,0.072963378
Texas,January 2015,Median Sale Price YoY ,0.106343018
Texas,December 2014,Median Sale Price YoY ,0.087763108
Texas,November 2014,Median Sale Price YoY ,0.084893776
Texas,October 2014,Median Sale Price YoY ,0.075966271
Texas,September 2014,Median Sale Price YoY ,0.068874275
Texas,August 2014,Median Sale Price YoY ,0.067994110
Texas,July 2014,Median Sale Price YoY ,0.066142364
Texas,June 2014,Median Sale Price YoY ,0.069712074
Texas,May 2014,Median Sale Price YoY ,0.058990010
Texas,April 2014,Median Sale Price YoY ,0.046269112
Texas,March 2014,Median Sale Price YoY ,0.084850628
Texas,February 2014,Median Sale Price YoY ,0.130900567
Texas,January 2014,Median Sale Price YoY ,0.101275168
Texas,December 2013,Median Sale Price YoY ,0.096884461
Texas,November 2013,Median Sale Price YoY ,0.091099605
Texas,October 2013,Median Sale Price YoY ,0.101899585
Texas,September 2013,Median Sale Price YoY ,0.106610417
Texas,August 2013,Median Sale Price YoY ,0.111932051
Texas,July 2013,Median Sale Price YoY ,0.106734041
Texas,June 2013,Median Sale Price YoY ,0.102981648
Texas,May 2013,Median Sale Price YoY ,0.104022490
Texas,April 2013,Median Sale Price YoY ,0.127092561
Texas,March 2013,Median Sale Price YoY ,0.077999825
Texas,February 2013,Median Sale Price YoY ,0.076045292
Texas,January 2013,Median Sale Price YoY ,0.088659875
Texas,December 2012,Median Sale Price YoY ,0.082032125
Texas,November 2012,Median Sale Price YoY ,0.094050472
Texas,October 2012,Median Sale Price YoY ,0.067797835
Texas,September 2012,Median Sale Price YoY ,0.061662556
Texas,August 2012,Median Sale Price YoY ,0.057427664
Texas,July 2012,Median Sale Price YoY ,0.062257108
Texas,June 2012,Median Sale Price YoY ,0.077435099
Texas,May 2012,Median Sale Price YoY ,0.076705378
Texas,April 2012,Median Sale Price YoY ,0.076623979
Texas,March 2012,Median Sale Price YoY ,0.081675228
Texas,February 2012,Median Sale Price YoY ,0.013416188
Texas,July 2020,Median Sale Price MoM ,0.031519250
Texas,June 2020,Median Sale Price MoM ,0.048341951
Texas,May 2020,Median Sale Price MoM ,-0.005597446
Texas,April 2020,Median Sale Price MoM ,0.003043678
Texas,March 2020,Median Sale Price MoM ,0.023661939
Texas,February 2020,Median Sale Price MoM ,0.039737607
Texas,January 2020,Median Sale Price MoM ,-0.050008340
Texas,December 2019,Median Sale Price MoM ,0.031515537
Texas,November 2019,Median Sale Price MoM ,-0.010700647
Texas,October 2019,Median Sale Price MoM ,2.507013902e-05
Texas,September 2019,Median Sale Price MoM ,-0.013581851
Texas,August 2019,Median Sale Price MoM ,-0.009439532
Texas,July 2019,Median Sale Price MoM ,-0.022234224
Texas,June 2019,Median Sale Price MoM ,0.013920222
Texas,May 2019,Median Sale Price MoM ,0.031969857
Texas,April 2019,Median Sale Price MoM ,0.018990740
Texas,March 2019,Median Sale Price MoM ,0.034150158
Texas,February 2019,Median Sale Price MoM ,0.037906850
Texas,January 2019,Median Sale Price MoM ,-0.059460279
Texas,December 2018,Median Sale Price MoM ,0.016702775
Texas,November 2018,Median Sale Price MoM ,0.003804276
Texas,October 2018,Median Sale Price MoM ,-0.000296381
Texas,September 2018,Median Sale Price MoM ,-0.028692493
Texas,August 2018,Median Sale Price MoM ,-0.011966050
Texas,July 2018,Median Sale Price MoM ,-0.017075045
Texas,June 2018,Median Sale Price MoM ,0.009328568
Texas,May 2018,Median Sale Price MoM ,0.030101385
Texas,April 2018,Median Sale Price MoM ,0.007905241
Texas,March 2018,Median Sale Price MoM ,0.031926102
Texas,February 2018,Median Sale Price MoM ,0.038813923
Texas,January 2018,Median Sale Price MoM ,-0.054567245
Texas,December 2017,Median Sale Price MoM ,0.028360379
Texas,November 2017,Median Sale Price MoM ,0.014531606
Texas,October 2017,Median Sale Price MoM ,-0.015232283
Texas,September 2017,Median Sale Price MoM ,-0.022944062
Texas,August 2017,Median Sale Price MoM ,-0.001745514
Texas,July 2017,Median Sale Price MoM ,-0.021717883
Texas,June 2017,Median Sale Price MoM ,0.013850898
Texas,May 2017,Median Sale Price MoM ,0.023677139
Texas,April 2017,Median Sale Price MoM ,0.018053713
Texas,March 2017,Median Sale Price MoM ,0.027039589
Texas,February 2017,Median Sale Price MoM ,0.053349151
Texas,January 2017,Median Sale Price MoM ,-0.055297476
Texas,December 2016,Median Sale Price MoM ,0.014762375
Texas,November 2016,Median Sale Price MoM ,0.016954486
Texas,October 2016,Median Sale Price MoM ,0.002263030
Texas,September 2016,Median Sale Price MoM ,-0.030673107
Texas,August 2016,Median Sale Price MoM ,-0.006283650
Texas,July 2016,Median Sale Price MoM ,-0.019051510
Texas,June 2016,Median Sale Price MoM ,0.020264155
Texas,May 2016,Median Sale Price MoM ,0.038346416
Texas,April 2016,Median Sale Price MoM ,0.021283696
Texas,March 2016,Median Sale Price MoM ,0.042431893
Texas,February 2016,Median Sale Price MoM ,0.029293936
Texas,January 2016,Median Sale Price MoM ,-0.059978496
Texas,December 2015,Median Sale Price MoM ,0.043312650
Texas,November 2015,Median Sale Price MoM ,-0.000206284
Texas,October 2015,Median Sale Price MoM ,-0.003203604
Texas,September 2015,Median Sale Price MoM ,-0.029703953
Texas,August 2015,Median Sale Price MoM ,-0.010472503
Texas,July 2015,Median Sale Price MoM ,-0.022579045
Texas,June 2015,Median Sale Price MoM ,0.005858204
Texas,May 2015,Median Sale Price MoM ,0.045031388
Texas,April 2015,Median Sale Price MoM ,0.023550429
Texas,March 2015,Median Sale Price MoM ,0.032885547
Texas,February 2015,Median Sale Price MoM ,0.042396327
Texas,January 2015,Median Sale Price MoM ,-0.061277321
Texas,December 2014,Median Sale Price MoM ,0.040379695
Texas,November 2014,Median Sale Price MoM ,0.013048276
Texas,October 2014,Median Sale Price MoM ,-0.008876469
Texas,September 2014,Median Sale Price MoM ,-0.028940174
Texas,August 2014,Median Sale Price MoM ,-0.009151591
Texas,July 2014,Median Sale Price MoM ,-0.016668171
Texas,June 2014,Median Sale Price MoM ,0.032539804
Texas,May 2014,Median Sale Price MoM ,0.034323682
Texas,April 2014,Median Sale Price MoM ,0.013080948
Texas,March 2014,Median Sale Price MoM ,0.025040417
Texas,February 2014,Median Sale Price MoM ,0.074696129
Texas,January 2014,Median Sale Price MoM ,-0.077225782
Texas,December 2013,Median Sale Price MoM ,0.037389724
Texas,November 2013,Median Sale Price MoM ,0.004548819
Texas,October 2013,Median Sale Price MoM ,-0.015653622
Texas,September 2013,Median Sale Price MoM ,-0.029271148
Texas,August 2013,Median Sale Price MoM ,-0.010871802
Texas,July 2013,Median Sale Price MoM ,-0.013497857
Texas,June 2013,Median Sale Price MoM ,0.022299234
Texas,May 2013,Median Sale Price MoM ,0.021043047
Texas,April 2013,Median Sale Price MoM ,0.051897242
Texas,March 2013,Median Sale Price MoM ,0.068507901
Texas,February 2013,Median Sale Price MoM ,0.046730355
Texas,January 2013,Median Sale Price MoM ,-0.080947585
Texas,December 2012,Median Sale Price MoM ,0.031168220
Texas,November 2012,Median Sale Price MoM ,0.014700636
Texas,October 2012,Median Sale Price MoM ,-0.011788287
Texas,September 2012,Median Sale Price MoM ,-0.024471511
Texas,August 2012,Median Sale Price MoM ,-0.015271173
Texas,July 2012,Median Sale Price MoM ,-0.016837465
Texas,June 2012,Median Sale Price MoM ,0.023310592
Texas,May 2012,Median Sale Price MoM ,0.042285897
Texas,April 2012,Median Sale Price MoM ,0.005763958
Texas,March 2012,Median Sale Price MoM ,0.066360562
Texas,February 2012,Median Sale Price MoM ,0.059174036
Texas,July 2020,Median Sale Price,284000
Texas,June 2020,Median Sale Price,275400
Texas,May 2020,Median Sale Price,262700
Texas,April 2020,Median Sale Price,264200
Texas,March 2020,Median Sale Price,263400
Texas,February 2020,Median Sale Price,257300
Texas,January 2020,Median Sale Price,247400
Texas,December 2019,Median Sale Price,260400
Texas,November 2019,Median Sale Price,252400
Texas,October 2019,Median Sale Price,255100
Texas,September 2019,Median Sale Price,255100
Texas,August 2019,Median Sale Price,258600
Texas,July 2019,Median Sale Price,261000
Texas,June 2019,Median Sale Price,267000
Texas,May 2019,Median Sale Price,263300
Texas,April 2019,Median Sale Price,255000
Texas,March 2019,Median Sale Price,250300
Texas,February 2019,Median Sale Price,242000
Texas,January 2019,Median Sale Price,233200
Texas,December 2018,Median Sale Price,247900
Texas,November 2018,Median Sale Price,243900
Texas,October 2018,Median Sale Price,242900
Texas,September 2018,Median Sale Price,243000
Texas,August 2018,Median Sale Price,250100
Texas,July 2018,Median Sale Price,253200
Texas,June 2018,Median Sale Price,257600
Texas,May 2018,Median Sale Price,255200
Texas,April 2018,Median Sale Price,247700
Texas,March 2018,Median Sale Price,245800
Texas,February 2018,Median Sale Price,238200
Texas,January 2018,Median Sale Price,229300
Texas,December 2017,Median Sale Price,242600
Texas,November 2017,Median Sale Price,235900
Texas,October 2017,Median Sale Price,232500
Texas,September 2017,Median Sale Price,236100
Texas,August 2017,Median Sale Price,241700
Texas,July 2017,Median Sale Price,242100
Texas,June 2017,Median Sale Price,247500
Texas,May 2017,Median Sale Price,244100
Texas,April 2017,Median Sale Price,238500
Texas,March 2017,Median Sale Price,234200
Texas,February 2017,Median Sale Price,228100
Texas,January 2017,Median Sale Price,216600
Texas,December 2016,Median Sale Price,229200
Texas,November 2016,Median Sale Price,225900
Texas,October 2016,Median Sale Price,222100
Texas,September 2016,Median Sale Price,221600
Texas,August 2016,Median Sale Price,229500
Texas,July 2016,Median Sale Price,230900
Texas,June 2016,Median Sale Price,235400
Texas,May 2016,Median Sale Price,230700
Texas,April 2016,Median Sale Price,222200
Texas,March 2016,Median Sale Price,217600
Texas,February 2016,Median Sale Price,208800
Texas,January 2016,Median Sale Price,202800
Texas,December 2015,Median Sale Price,215700
Texas,November 2015,Median Sale Price,206700
Texas,October 2015,Median Sale Price,206700
Texas,September 2015,Median Sale Price,207400
Texas,August 2015,Median Sale Price,213800
Texas,July 2015,Median Sale Price,216100
Texas,June 2015,Median Sale Price,221100
Texas,May 2015,Median Sale Price,219800
Texas,April 2015,Median Sale Price,210300
Texas,March 2015,Median Sale Price,205500
Texas,February 2015,Median Sale Price,198900
Texas,January 2015,Median Sale Price,190900
Texas,December 2014,Median Sale Price,203300
Texas,November 2014,Median Sale Price,195400
Texas,October 2014,Median Sale Price,192900
Texas,September 2014,Median Sale Price,194700
Texas,August 2014,Median Sale Price,200400
Texas,July 2014,Median Sale Price,202300
Texas,June 2014,Median Sale Price,205700
Texas,May 2014,Median Sale Price,199200
Texas,April 2014,Median Sale Price,192600
Texas,March 2014,Median Sale Price,190100
Texas,February 2014,Median Sale Price,185400
Texas,January 2014,Median Sale Price,172500
Texas,December 2013,Median Sale Price,186900
Texas,November 2013,Median Sale Price,180100
Texas,October 2013,Median Sale Price,179300
Texas,September 2013,Median Sale Price,182200
Texas,August 2013,Median Sale Price,187700
Texas,July 2013,Median Sale Price,189700
Texas,June 2013,Median Sale Price,192300
Texas,May 2013,Median Sale Price,188100
Texas,April 2013,Median Sale Price,184300
Texas,March 2013,Median Sale Price,175200
Texas,February 2013,Median Sale Price,164000
Texas,January 2013,Median Sale Price,156700
Texas,December 2012,Median Sale Price,170300
Texas,November 2012,Median Sale Price,165100
Texas,October 2012,Median Sale Price,162700
Texas,September 2012,Median Sale Price,164700
Texas,August 2012,Median Sale Price,168800
Texas,July 2012,Median Sale Price,171400
Texas,June 2012,Median Sale Price,174300
Texas,May 2012,Median Sale Price,170400
Texas,April 2012,Median Sale Price,163500
Texas,March 2012,Median Sale Price,162500
Texas,February 2012,Median Sale Price,152500
